slug,title,era_slug,period,start_year,end_year,status,wikidata_qid,url
1860_civil_conflict_in_mount_lebanon_and_damascus,1860 civil conflict in Mount Lebanon and Damascus,continental_expansion,1860,1860,1860,scaffolded,Q3772246,https://thewaratlas.co/wars/1860_civil_conflict_in_mount_lebanon_and_damascus
1893_franco_siamese_crisis,1893 Franco-Siamese crisis,imperial,1893,1893,1893,scaffolded,Q1359846,https://thewaratlas.co/wars/1893_franco_siamese_crisis
1947_1948_civil_war_in_mandatory_palestine,1947–1948 Civil War in Mandatory Palestine,cold_war,1947-1948,1947,1948,scaffolded,Q2379101,https://thewaratlas.co/wars/1947_1948_civil_war_in_mandatory_palestine
1948_arab_israeli_war,1948 Arab–Israeli War,cold_war,1948-1949,1948,1949,scaffolded,Q49092,https://thewaratlas.co/wars/1948_arab_israeli_war
1948_palestine_war,1948 Palestine war,cold_war,1947-1949,1947,1949,scaffolded,Q49097,https://thewaratlas.co/wars/1948_palestine_war
1958_lebanon_crisis,1958 Lebanon crisis,cold_war,1958,1958,1958,scaffolded,Q1542222,https://thewaratlas.co/wars/1958_lebanon_crisis
1964_ethiopian_somali_border_war,1964 Ethiopian-Somali Border War,cold_war,1964,1964,1964,scaffolded,Q55600802,https://thewaratlas.co/wars/1964_ethiopian_somali_border_war
1982_ethiopian_somali_border_war,1982 Ethiopian–Somali Border War,cold_war,1982,1982,1982,scaffolded,Q652284,https://thewaratlas.co/wars/1982_ethiopian_somali_border_war
1982_lebanon_war,1982 Lebanon War,cold_war,1982-1985,1982,1985,scaffolded,Q49103,https://thewaratlas.co/wars/1982_lebanon_war
1991_1992_south_ossetia_war,1991–1992 South Ossetia War,post_cold_war,1991-1992,1991,1992,scaffolded,Q1143379,https://thewaratlas.co/wars/1991_1992_south_ossetia_war
1991_92_georgian_coup_detat,1991-92 Georgian coup d'état,post_cold_war,1991-1992,1991,1992,scaffolded,Q60820213,https://thewaratlas.co/wars/1991_92_georgian_coup_detat
1994_summer_war,1994 Summer War,post_cold_war,1994,1994,1994,scaffolded,Q2461485,https://thewaratlas.co/wars/1994_summer_war
1998_war_in_abkhazia,1998 War in Abkhazia,post_cold_war,1998,1998,1998,scaffolded,Q959303,https://thewaratlas.co/wars/1998_war_in_abkhazia
2006_lebanon_war,2006 Lebanon War,global_war_on_terror,2006,2006,2006,scaffolded,Q49104,https://thewaratlas.co/wars/2006_lebanon_war
2007_lebanon_conflict,2007 Lebanon conflict,global_war_on_terror,2007,2007,2007,scaffolded,Q786595,https://thewaratlas.co/wars/2007_lebanon_conflict
2017_iraqi_kurdish_conflict,2017 Iraqi–Kurdish conflict,global_war_on_terror,2017,2017,2017,scaffolded,Q42161041,https://thewaratlas.co/wars/2017_iraqi_kurdish_conflict
2018_armenian_azerbaijani_clashes,2018 Armenian–Azerbaijani clashes,global_war_on_terror,2018,2018,2018,scaffolded,Q54448834,https://thewaratlas.co/wars/2018_armenian_azerbaijani_clashes
2024_lebanon_war,2024 Lebanon War,global_war_on_terror,2024,2024,2024,scaffolded,Q130388076,https://thewaratlas.co/wars/2024_lebanon_war
aceh_war,Aceh War,imperial,1873-1904,1873,1904,scaffolded,Q277450,https://thewaratlas.co/wars/aceh_war
actions_in_inner_mongolia,Actions in Inner Mongolia,world_war,1933-1936,1933,1936,scaffolded,Q4211700,https://thewaratlas.co/wars/actions_in_inner_mongolia
afghan_civil_war,Afghan Civil War (1989-1992),cold_war,1989-1992,1989,1992,scaffolded,Q2405009,https://thewaratlas.co/wars/afghan_civil_war
afghan_civil_war_1928_1929,Afghan Civil War (1928–1929),world_war,1928-1929,1928,1929,scaffolded,Q10952572,https://thewaratlas.co/wars/afghan_civil_war_1928_1929
afghan_civil_war_1992,Afghan Civil War (1992-1996),post_cold_war,1992-1996,1992,1996,scaffolded,Q1980081,https://thewaratlas.co/wars/afghan_civil_war_1992
afghan_civil_war_1996,Afghan Civil War (1996-2001),post_cold_war,1996-2001,1996,2001,scaffolded,Q12302518,https://thewaratlas.co/wars/afghan_civil_war_1996
afghan_conflict,Afghan Conflict,cold_war,1978,1978,1978,scaffolded,Q1519107,https://thewaratlas.co/wars/afghan_conflict
afghanistan,Afghanistan War,global_war_on_terror,2001–2021 major U.S. war period,2001,2021,modeled,Q182865,https://thewaratlas.co/wars/afghanistan
agacher_strip_war,Agacher Strip War,cold_war,1985,1985,1985,scaffolded,Q580961,https://thewaratlas.co/wars/agacher_strip_war
al_wadiah_war,Al-Wadiah War,cold_war,1969,1969,1969,scaffolded,Q12207442,https://thewaratlas.co/wars/al_wadiah_war
algerian_civil_war,Algerian Civil War,post_cold_war,1992-2002,1992,2002,scaffolded,Q142529,https://thewaratlas.co/wars/algerian_civil_war
algerian_war,Algerian War,cold_war,1954-1962,1954,1962,scaffolded,Q200790,https://thewaratlas.co/wars/algerian_war
anglo_ashanti_wars,Anglo-Ashanti wars,continental_expansion,1823-1900,1823,1900,scaffolded,Q722051,https://thewaratlas.co/wars/anglo_ashanti_wars
anglo_burmese_wars,Anglo-Burmese Wars,continental_expansion,1824-1886,1824,1886,scaffolded,Q2248139,https://thewaratlas.co/wars/anglo_burmese_wars
anglo_egyptian_war,Anglo-Egyptian War,imperial,1882,1882,1882,scaffolded,Q616939,https://thewaratlas.co/wars/anglo_egyptian_war
anglo_french_war_of_1778_1783,Anglo-French War of 1778–1783,founding,1778-1783,1778,1783,scaffolded,Q3651696,https://thewaratlas.co/wars/anglo_french_war_of_1778_1783
anglo_iraqi_war,Anglo-Iraqi War,world_war,1941,1941,1941,scaffolded,Q696848,https://thewaratlas.co/wars/anglo_iraqi_war
anglo_mysore_wars,Anglo-Mysore wars,founding,1767-1799,1767,1799,scaffolded,Q617321,https://thewaratlas.co/wars/anglo_mysore_wars
anglo_nepalese_war,Anglo-Nepalese War,founding,1814-1816,1814,1816,scaffolded,Q195378,https://thewaratlas.co/wars/anglo_nepalese_war
anglo_persian_war,Anglo-Persian War,continental_expansion,1856-1857,1856,1857,scaffolded,Q617772,https://thewaratlas.co/wars/anglo_persian_war
anglo_russian_war,Anglo-Russian War,founding,1807-1812,1807,1812,scaffolded,Q2441248,https://thewaratlas.co/wars/anglo_russian_war
anglo_spanish_war,Anglo-Spanish War (1796-1808),founding,1796-1808,1796,1808,scaffolded,Q4065191,https://thewaratlas.co/wars/anglo_spanish_war
anglo_spanish_war_1779,Anglo-Spanish War (1779-1783),founding,1779-1783,1779,1783,scaffolded,Q26809259,https://thewaratlas.co/wars/anglo_spanish_war_1779
anglo_swedish_war,Anglo-Swedish War,founding,1810-1812,1810,1812,scaffolded,Q1116646,https://thewaratlas.co/wars/anglo_swedish_war
anglo_turkish_war,Anglo-Turkish War,founding,1807-1809,1807,1809,scaffolded,Q31301,https://thewaratlas.co/wars/anglo_turkish_war
anglo_zanzibar_war,Anglo-Zanzibar War,imperial,1896,1896,1896,scaffolded,Q170850,https://thewaratlas.co/wars/anglo_zanzibar_war
anglo_zulu_war,Anglo-Zulu War,imperial,1879,1879,1879,scaffolded,Q228911,https://thewaratlas.co/wars/anglo_zulu_war
angolan_civil_war,Angolan Civil War,cold_war,1975-2002,1975,2002,scaffolded,Q12055176,https://thewaratlas.co/wars/angolan_civil_war
angolan_war_of_independence,Angolan War of Independence,cold_war,1961-1974,1961,1974,scaffolded,Q1780216,https://thewaratlas.co/wars/angolan_war_of_independence
apache_wars,Apache Wars,continental_expansion,1849-1924,1849,1924,scaffolded,Q617827,https://thewaratlas.co/wars/apache_wars
arab_spring,Arab Spring,global_war_on_terror,2010-2012,2010,2012,modeled,Q33761,https://thewaratlas.co/wars/arab_spring
arab_winter,Arab Winter,global_war_on_terror,2012-2018,2012,2018,scaffolded,Q17512479,https://thewaratlas.co/wars/arab_winter
argentine_civil_wars,Argentine Civil Wars,founding,1814-1880,1814,1880,scaffolded,Q2697981,https://thewaratlas.co/wars/argentine_civil_wars
argentine_war_of_independence,Argentine War of Independence,founding,1810-1816,1810,1816,scaffolded,Q617409,https://thewaratlas.co/wars/argentine_war_of_independence
armenian_azerbaijani_war,Armenian–Azerbaijani War,world_war,1918-1920,1918,1920,scaffolded,Q2015687,https://thewaratlas.co/wars/armenian_azerbaijani_war
aroostook_war,Aroostook War,continental_expansion,1838-1839,1838,1839,scaffolded,Q698312,https://thewaratlas.co/wars/aroostook_war
australian_frontier_wars,Australian frontier wars,founding,1794-1899,1794,1899,scaffolded,Q2889339,https://thewaratlas.co/wars/australian_frontier_wars
austrian_civil_war,Austrian Civil War,world_war,1934,1934,1934,scaffolded,Q306123,https://thewaratlas.co/wars/austrian_civil_war
austro_prussian_war,Austro-Prussian War,imperial,1866,1866,1866,scaffolded,Q153650,https://thewaratlas.co/wars/austro_prussian_war
austro_turkish_war_of_1788_1791,Austro-Turkish War of 1788–1791,founding,1788-1791,1788,1791,scaffolded,Q6542740,https://thewaratlas.co/wars/austro_turkish_war_of_1788_1791
balkan_wars,Balkan Wars,imperial,1912-1913,1912,1913,scaffolded,Q165725,https://thewaratlas.co/wars/balkan_wars
banana_wars,Banana Wars,imperial,1898-1934,1898,1934,scaffolded,Q768496,https://thewaratlas.co/wars/banana_wars
bangladesh_liberation_war,Bangladesh Liberation War,cold_war,1971,1971,1971,scaffolded,Q371394,https://thewaratlas.co/wars/bangladesh_liberation_war
banjarmasin_war,Banjarmasin War,continental_expansion,1859-1863,1859,1863,scaffolded,Q368594,https://thewaratlas.co/wars/banjarmasin_war
bannock_war,Bannock War,imperial,1878,1878,1878,scaffolded,Q2321496,https://thewaratlas.co/wars/bannock_war
barbary_wars,Barbary Wars,founding,1801-1815,1801,1815,scaffolded,Q807741,https://thewaratlas.co/wars/barbary_wars
basuto_gun_war,Basuto Gun War,imperial,1880-1881,1880,1881,scaffolded,Q1348785,https://thewaratlas.co/wars/basuto_gun_war
benin_expedition_of_1897,Benin Expedition of 1897,imperial,1897,1897,1897,scaffolded,Q3966451,https://thewaratlas.co/wars/benin_expedition_of_1897
bissau_guinean_civil_war,Bissau-Guinean Civil War,post_cold_war,1998-1999,1998,1999,scaffolded,Q1781457,https://thewaratlas.co/wars/bissau_guinean_civil_war
black_hawk_war,Black Hawk War,continental_expansion,1832,1832,1832,scaffolded,Q879980,https://thewaratlas.co/wars/black_hawk_war
black_september,Black September,cold_war,1970-1971,1970,1971,scaffolded,Q154288,https://thewaratlas.co/wars/black_september
black_war,Black War,continental_expansion,1820-1832,1820,1832,scaffolded,Q880629,https://thewaratlas.co/wars/black_war
bolivian_war_of_independence,Bolivian War of Independence,founding,1809-1825,1809,1825,scaffolded,Q68475,https://thewaratlas.co/wars/bolivian_war_of_independence
bombardment_of_kagoshima,Bombardment of Kagoshima,civil_war,1863,1863,1863,scaffolded,Q1352401,https://thewaratlas.co/wars/bombardment_of_kagoshima
boshin_war,Boshin War,imperial,1868-1869,1868,1869,scaffolded,Q309184,https://thewaratlas.co/wars/boshin_war
bougainville_conflict,Bougainville conflict,cold_war,1988-1998,1988,1998,scaffolded,Q10360270,https://thewaratlas.co/wars/bougainville_conflict
brazilian_war_of_independence,Brazilian War of Independence,continental_expansion,1822-1824,1822,1824,scaffolded,Q3082702,https://thewaratlas.co/wars/brazilian_war_of_independence
burmese_siamese_war_of_1765_1767,Burmese–Siamese War of 1765–1767,founding,1765-1767,1765,1767,scaffolded,Q31307,https://thewaratlas.co/wars/burmese_siamese_war_of_1765_1767
burmese_siamese_war_of_1785_86,Burmese–Siamese War of 1785–86,founding,1785-1786,1785,1786,scaffolded,Q2280723,https://thewaratlas.co/wars/burmese_siamese_war_of_1785_86
burundi_civil_war,Burundi Civil War,post_cold_war,1993-2005,1993,2005,scaffolded,Q647239,https://thewaratlas.co/wars/burundi_civil_war
cambodian_civil_war,Cambodian Civil War,cold_war,1967-1975,1967,1975,scaffolded,Q817206,https://thewaratlas.co/wars/cambodian_civil_war
cambodian_vietnamese_war,Cambodian–Vietnamese War,cold_war,1977-1991,1977,1991,scaffolded,Q635533,https://thewaratlas.co/wars/cambodian_vietnamese_war
carlist_wars,Carlist Wars,continental_expansion,1833-1876,1833,1876,scaffolded,Q1178424,https://thewaratlas.co/wars/carlist_wars
casamance_conflict,Casamance conflict,cold_war,1982-2014,1982,2014,scaffolded,Q209965,https://thewaratlas.co/wars/casamance_conflict
caste_war_of_yucatan,Caste War of Yucatán,continental_expansion,1847-1901,1847,1901,scaffolded,Q772814,https://thewaratlas.co/wars/caste_war_of_yucatan
castellammarese_war,Castellammarese War,world_war,1930-1931,1930,1931,scaffolded,Q611027,https://thewaratlas.co/wars/castellammarese_war
caucasian_war,Caucasian War,founding,1763-1864,1763,1864,scaffolded,Q382116,https://thewaratlas.co/wars/caucasian_war
cayuse_war,Cayuse War,continental_expansion,1847-1855,1847,1855,scaffolded,Q1052060,https://thewaratlas.co/wars/cayuse_war
cenepa_war,Cenepa War,post_cold_war,1995,1995,1995,scaffolded,Q2337340,https://thewaratlas.co/wars/cenepa_war
central_african_republic_bush_war,Central African Republic Bush War,global_war_on_terror,2004-2007,2004,2007,scaffolded,Q3118963,https://thewaratlas.co/wars/central_african_republic_bush_war
central_african_republic_civil_war,Central African Republic Civil War,global_war_on_terror,2012-2013,2012,2013,scaffolded,Q3411181,https://thewaratlas.co/wars/central_african_republic_civil_war
central_plains_war,Central Plains War,world_war,1930,1930,1930,scaffolded,Q717809,https://thewaratlas.co/wars/central_plains_war
chaco_war,Chaco War,world_war,1932-1935,1932,1935,scaffolded,Q223126,https://thewaratlas.co/wars/chaco_war
chad_sudan_conflict,Chad–Sudan Conflict,global_war_on_terror,2005-2010,2005,2010,scaffolded,Q945700,https://thewaratlas.co/wars/chad_sudan_conflict
chadian_civil_war_of_1965_1979,Chadian Civil War of 1965–1979,cold_war,1965-1979,1965,1979,scaffolded,Q782474,https://thewaratlas.co/wars/chadian_civil_war_of_1965_1979
chadian_libyan_war,Chadian–Libyan War,cold_war,1978-1987,1978,1987,scaffolded,Q611071,https://thewaratlas.co/wars/chadian_libyan_war
cherokee_american_wars,Cherokee–American wars,founding,1776-1794,1776,1794,scaffolded,Q4122685,https://thewaratlas.co/wars/cherokee_american_wars
chilean_civil_war_of_1891,Chilean Civil War of 1891,imperial,1891,1891,1891,scaffolded,Q2704441,https://thewaratlas.co/wars/chilean_civil_war_of_1891
chilean_war_of_independence,Chilean War of Independence,continental_expansion,1827,1827,1827,scaffolded,Q1072889,https://thewaratlas.co/wars/chilean_war_of_independence
chincha_islands_war,Chincha Islands War,civil_war,1864-1866,1864,1866,scaffolded,Q742813,https://thewaratlas.co/wars/chincha_islands_war
chinese_civil_war,Chinese Civil War,world_war,1927-1950,1927,1950,scaffolded,Q179975,https://thewaratlas.co/wars/chinese_civil_war
chouannerie,Chouannerie,founding,1794-1800,1794,1800,scaffolded,Q249960,https://thewaratlas.co/wars/chouannerie
cisplatine_war,Cisplatine War,continental_expansion,1825-1828,1825,1828,scaffolded,Q288251,https://thewaratlas.co/wars/cisplatine_war
civil_war,American Civil War,civil_war,1861–1865,1861,1865,modeled,Q8676,https://thewaratlas.co/wars/civil_war
coalition_wars,Coalition Wars,founding,1792-1815,1792,1815,scaffolded,Q15053704,https://thewaratlas.co/wars/coalition_wars
cold_war,Cold War,world_war,1945-1991,1945,1991,modeled,Q8683,https://thewaratlas.co/wars/cold_war
cold_war_1947_1953,Cold War (1947–1953),cold_war,1947-1953,1947,1953,scaffolded,Q1052526,https://thewaratlas.co/wars/cold_war_1947_1953
cold_war_1953_1962,Cold War (1953–1962),cold_war,1953-1962,1953,1962,scaffolded,Q1052535,https://thewaratlas.co/wars/cold_war_1953_1962
cold_war_1985_1991,Cold War (1985–1991),cold_war,1985-1991,1985,1991,scaffolded,Q1323301,https://thewaratlas.co/wars/cold_war_1985_1991
colombian_civil_war_of_1859_62,Colombian Civil War of 1859–62,continental_expansion,1860-1862,1860,1862,scaffolded,Q3067868,https://thewaratlas.co/wars/colombian_civil_war_of_1859_62
colombian_peruvian_war,Colombian-Peruvian War,world_war,1932-1933,1932,1933,scaffolded,Q1536533,https://thewaratlas.co/wars/colombian_peruvian_war
colombian_war_of_independence,Colombian War of Independence,founding,1810-1825,1810,1825,scaffolded,Q3063789,https://thewaratlas.co/wars/colombian_war_of_independence
colorado_war,Colorado War,civil_war,1863-1865,1863,1865,scaffolded,Q2602070,https://thewaratlas.co/wars/colorado_war
conflict_in_the_niger_delta,conflict in the Niger Delta,global_war_on_terror,2003,2003,2003,scaffolded,Q1202792,https://thewaratlas.co/wars/conflict_in_the_niger_delta
continuation_war,Continuation War,world_war,1941-1944,1941,1944,scaffolded,Q122100,https://thewaratlas.co/wars/continuation_war
costa_rican_civil_war,Costa Rican Civil War,cold_war,1948,1948,1948,scaffolded,Q3434218,https://thewaratlas.co/wars/costa_rican_civil_war
creek_war,Creek War,founding,1813-1814,1813,1814,scaffolded,Q1186260,https://thewaratlas.co/wars/creek_war
crimean_war,Crimean War,continental_expansion,1853-1856,1853,1856,modeled,Q254106,https://thewaratlas.co/wars/crimean_war
croat_bosniak_war,Croat–Bosniak War,post_cold_war,1992-1994,1992,1994,scaffolded,Q1069736,https://thewaratlas.co/wars/croat_bosniak_war
croatian_war_of_independence,Croatian War of Independence,post_cold_war,1991-1995,1991,1995,scaffolded,Q68969,https://thewaratlas.co/wars/croatian_war_of_independence
cuban_war_of_independence,Cuban War of Independence,imperial,1895-1898,1895,1898,scaffolded,Q1514908,https://thewaratlas.co/wars/cuban_war_of_independence
dakota_war_of_1862,Dakota War of 1862,civil_war,1862,1862,1862,scaffolded,Q1851858,https://thewaratlas.co/wars/dakota_war_of_1862
danish_algerian_war,Danish–Algerian War,founding,1769-1772,1769,1772,scaffolded,Q28949606,https://thewaratlas.co/wars/danish_algerian_war
dano_swedish_war_of_1808_1809,Dano-Swedish War of 1808-1809,founding,1808-1809,1808,1809,scaffolded,Q1269777,https://thewaratlas.co/wars/dano_swedish_war_of_1808_1809
dirty_war,Dirty War,cold_war,1954-2000,1954,2000,scaffolded,Q3151731,https://thewaratlas.co/wars/dirty_war
djiboutian_civil_war,Djiboutian Civil War,post_cold_war,1991-1994,1991,1994,scaffolded,Q1262084,https://thewaratlas.co/wars/djiboutian_civil_war
djiboutian_eritrean_border_conflict,Djiboutian–Eritrean border conflict,global_war_on_terror,2008,2008,2008,scaffolded,Q1354920,https://thewaratlas.co/wars/djiboutian_eritrean_border_conflict
dominican_civil_war,Dominican Civil War,cold_war,1965,1965,1965,scaffolded,Q955457,https://thewaratlas.co/wars/dominican_civil_war
dominican_restoration_war,Dominican Restoration War,civil_war,1863-1865,1863,1865,scaffolded,Q3815421,https://thewaratlas.co/wars/dominican_restoration_war
drone_strikes_in_pakistan,drone strikes in Pakistan,global_war_on_terror,2004,2004,2004,scaffolded,Q1260080,https://thewaratlas.co/wars/drone_strikes_in_pakistan
dunmores_war,Dunmore's War,founding,1774,1774,1774,scaffolded,Q2632175,https://thewaratlas.co/wars/dunmores_war
eastern_front,Eastern Front,world_war,1941-1945,1941,1945,scaffolded,Q189266,https://thewaratlas.co/wars/eastern_front
ecuadorian_peruvian_war,Ecuadorian–Peruvian War,world_war,1941-1942,1941,1942,scaffolded,Q1500631,https://thewaratlas.co/wars/ecuadorian_peruvian_war
ecuadorian_war_of_independence,Ecuadorian War of Independence,continental_expansion,1820-1823,1820,1823,scaffolded,Q5334383,https://thewaratlas.co/wars/ecuadorian_war_of_independence
egyptian_wahhabi_war,Egyptian–Wahhabi War,founding,1811-1818,1811,1818,scaffolded,Q1809288,https://thewaratlas.co/wars/egyptian_wahhabi_war
eighth_russo_turkish_war,Eighth Russo-Turkish War,founding,1806-1812,1806,1812,scaffolded,Q209312,https://thewaratlas.co/wars/eighth_russo_turkish_war
english_wars,English Wars,founding,1801-1814,1801,1814,scaffolded,Q3044986,https://thewaratlas.co/wars/english_wars
eritrean_ethiopian_war,Eritrean–Ethiopian War,post_cold_war,1998-2000,1998,2000,scaffolded,Q832273,https://thewaratlas.co/wars/eritrean_ethiopian_war
eritrean_war_of_independence,Eritrean War of Independence,cold_war,1961-1991,1961,1991,scaffolded,Q607257,https://thewaratlas.co/wars/eritrean_war_of_independence
estonian_war_of_independence,Estonian War of Independence,world_war,1918-1920,1918,1920,scaffolded,Q1127302,https://thewaratlas.co/wars/estonian_war_of_independence
ethiopian_civil_war,Ethiopian Civil War,cold_war,1974-1991,1974,1991,scaffolded,Q257724,https://thewaratlas.co/wars/ethiopian_civil_war
ethiopian_egyptian_war,Ethiopian–Egyptian War,imperial,1874-1876,1874,1876,scaffolded,Q5403659,https://thewaratlas.co/wars/ethiopian_egyptian_war
falklands_war,Falklands War,cold_war,1982,1982,1982,modeled,Q48249,https://thewaratlas.co/wars/falklands_war
farroupilha_revolution,Farroupilha Revolution,continental_expansion,1835-1845,1835,1845,scaffolded,Q209297,https://thewaratlas.co/wars/farroupilha_revolution
fenian_raids,Fenian raids,imperial,1866-1871,1866,1871,scaffolded,Q2996302,https://thewaratlas.co/wars/fenian_raids
finnish_civil_war,Finnish Civil War,world_war,1918,1918,1918,scaffolded,Q211855,https://thewaratlas.co/wars/finnish_civil_war
finnish_war,Finnish War,founding,1808-1809,1808,1809,scaffolded,Q736268,https://thewaratlas.co/wars/finnish_war
first_anglo_afghan_war,First Anglo-Afghan War,continental_expansion,1839-1842,1839,1842,scaffolded,Q989092,https://thewaratlas.co/wars/first_anglo_afghan_war
first_anglo_burmese_war,First Anglo-Burmese War,continental_expansion,1824-1826,1824,1826,scaffolded,Q29122,https://thewaratlas.co/wars/first_anglo_burmese_war
first_anglo_maratha_war,First Anglo-Maratha War,founding,1775-1782,1775,1782,scaffolded,Q1362209,https://thewaratlas.co/wars/first_anglo_maratha_war
first_anglo_mysore_war,First Anglo-Mysore War,founding,1767-1769,1767,1769,scaffolded,Q617070,https://thewaratlas.co/wars/first_anglo_mysore_war
first_anglo_sikh_war,First Anglo-Sikh War,continental_expansion,1845-1846,1845,1846,scaffolded,Q582584,https://thewaratlas.co/wars/first_anglo_sikh_war
first_balkan_war,First Balkan War,imperial,1912-1913,1912,1913,scaffolded,Q177918,https://thewaratlas.co/wars/first_balkan_war
first_barbary_war,First Barbary War,founding,1801-1805,1801,1805,scaffolded,Q468293,https://thewaratlas.co/wars/first_barbary_war
first_boer_war,First Boer War,imperial,1880-1881,1880,1881,scaffolded,Q329203,https://thewaratlas.co/wars/first_boer_war
first_carlist_war,First Carlist War,continental_expansion,1833-1840,1833,1840,scaffolded,Q2341073,https://thewaratlas.co/wars/first_carlist_war
first_chechen_war,First Chechen War,post_cold_war,1994-1996,1994,1996,scaffolded,Q29269,https://thewaratlas.co/wars/first_chechen_war
first_congo_war,First Congo War,post_cold_war,1996-1997,1996,1997,scaffolded,Q838695,https://thewaratlas.co/wars/first_congo_war
first_egyptian_ottoman_war,First Egyptian-Ottoman War,continental_expansion,1831-1833,1831,1833,scaffolded,Q2584439,https://thewaratlas.co/wars/first_egyptian_ottoman_war
first_franco_dahomean_war,First Franco-Dahomean War,imperial,1890,1890,1890,scaffolded,Q2092939,https://thewaratlas.co/wars/first_franco_dahomean_war
first_indochina_war,First Indochina War,cold_war,1946-1954,1946,1954,scaffolded,Q748780,https://thewaratlas.co/wars/first_indochina_war
first_italian_war_of_independence,First Italian War of Independence,continental_expansion,1848-1849,1848,1849,scaffolded,Q920894,https://thewaratlas.co/wars/first_italian_war_of_independence
first_italo_ethiopian_war,First Italo-Ethiopian War,imperial,1894-1896,1894,1896,scaffolded,Q989115,https://thewaratlas.co/wars/first_italo_ethiopian_war
first_ivorian_civil_war,First Ivorian Civil War,global_war_on_terror,2002-2007,2002,2007,scaffolded,Q1021175,https://thewaratlas.co/wars/first_ivorian_civil_war
first_kurdish_iraqi_war,First Kurdish–Iraqi War,cold_war,1961-1970,1961,1970,scaffolded,Q809687,https://thewaratlas.co/wars/first_kurdish_iraqi_war
first_liberian_civil_war,First Liberian Civil War,cold_war,1989-1997,1989,1997,scaffolded,Q1477500,https://thewaratlas.co/wars/first_liberian_civil_war
first_matabele_war,First Matabele War,imperial,1893-1894,1893,1894,scaffolded,Q857982,https://thewaratlas.co/wars/first_matabele_war
first_nagorno_karabakh_war,First Nagorno-Karabakh War,cold_war,1988-1994,1988,1994,scaffolded,Q381375,https://thewaratlas.co/wars/first_nagorno_karabakh_war
first_opium_war,First Opium War,continental_expansion,1839-1842,1839,1842,scaffolded,Q191282,https://thewaratlas.co/wars/first_opium_war
first_rohilla_war,First Rohilla War,founding,1773-1774,1773,1774,scaffolded,Q5453768,https://thewaratlas.co/wars/first_rohilla_war
first_schleswig_war,First Schleswig War,continental_expansion,1848-1851,1848,1851,scaffolded,Q685683,https://thewaratlas.co/wars/first_schleswig_war
first_serbian_ottoman_war,First Serbian–Ottoman War,imperial,1876-1878,1876,1878,scaffolded,Q686564,https://thewaratlas.co/wars/first_serbian_ottoman_war
first_sino_japanese_war,First Sino-Japanese War,imperial,1894-1895,1894,1895,scaffolded,Q178687,https://thewaratlas.co/wars/first_sino_japanese_war
first_sudanese_civil_war,First Sudanese Civil War,cold_war,1955-1972,1955,1972,scaffolded,Q823730,https://thewaratlas.co/wars/first_sudanese_civil_war
first_yemenite_war,First Yemenite War,cold_war,1972,1972,1972,scaffolded,Q16126368,https://thewaratlas.co/wars/first_yemenite_war
flagstaff_war,Flagstaff War,continental_expansion,1845-1846,1845,1846,scaffolded,Q2470023,https://thewaratlas.co/wars/flagstaff_war
fourth_anglo_dutch_war,Fourth Anglo-Dutch War,founding,1780-1784,1780,1784,scaffolded,Q576292,https://thewaratlas.co/wars/fourth_anglo_dutch_war
fourth_anglo_mysore_war,Fourth Anglo-Mysore War,founding,1798-1799,1798,1799,scaffolded,Q617782,https://thewaratlas.co/wars/fourth_anglo_mysore_war
franco_moroccan_war,Franco-Moroccan War,continental_expansion,1844,1844,1844,scaffolded,Q3062439,https://thewaratlas.co/wars/franco_moroccan_war
franco_prussian_war,Franco-Prussian War,imperial,1870-1871,1870,1871,modeled,Q46083,https://thewaratlas.co/wars/franco_prussian_war
franco_swedish_war,Franco-Swedish War,founding,1805-1810,1805,1810,scaffolded,Q3362247,https://thewaratlas.co/wars/franco_swedish_war
franco_syrian_war,Franco-Syrian War,world_war,1920,1920,1920,scaffolded,Q2992403,https://thewaratlas.co/wars/franco_syrian_war
franco_thai_war,Franco-Thai War,world_war,1940-1941,1940,1941,scaffolded,Q780845,https://thewaratlas.co/wars/franco_thai_war
franco_turkish_war,Franco-Turkish War,world_war,1918-1921,1918,1921,scaffolded,Q1450532,https://thewaratlas.co/wars/franco_turkish_war
french_conquest_of_morocco,French conquest of Morocco,imperial,1907-1937,1907,1937,scaffolded,Q2935421,https://thewaratlas.co/wars/french_conquest_of_morocco
french_invasion_of_russia,French invasion of Russia,founding,1812,1812,1812,scaffolded,Q179250,https://thewaratlas.co/wars/french_invasion_of_russia
french_revolutionary_wars,French Revolutionary Wars,founding,1792-1802,1792,1802,scaffolded,Q207318,https://thewaratlas.co/wars/french_revolutionary_wars
full_scale_russo_ukrainian_war,full-scale Russo-Ukrainian war,global_war_on_terror,2022,2022,2022,modeled,Q110999040,https://thewaratlas.co/wars/full_scale_russo_ukrainian_war
gaza_war,Gaza War,global_war_on_terror,2023,2023,2023,modeled,Q122962941,https://thewaratlas.co/wars/gaza_war
gaza_war_2008_2009,Gaza War (2008–2009),global_war_on_terror,2008-2009,2008,2009,scaffolded,Q170682,https://thewaratlas.co/wars/gaza_war_2008_2009
georgian_armenian_war,Georgian–Armenian War,world_war,1918,1918,1918,scaffolded,Q1859103,https://thewaratlas.co/wars/georgian_armenian_war
georgian_civil_war,Georgian Civil War,post_cold_war,1991-1993,1991,1993,scaffolded,Q1070890,https://thewaratlas.co/wars/georgian_civil_war
georgian_ossetian_conflict,Georgian–Ossetian conflict,cold_war,1989,1989,1989,scaffolded,Q29242,https://thewaratlas.co/wars/georgian_ossetian_conflict
georgian_ossetian_conflict_1918_1920,Georgian–Ossetian conflict (1918–1920),world_war,1918-1920,1918,1920,scaffolded,Q1208479,https://thewaratlas.co/wars/georgian_ossetian_conflict_1918_1920
gran_colombia_peru_war,Gran Colombia–Peru War,continental_expansion,1828-1829,1828,1829,scaffolded,Q1972316,https://thewaratlas.co/wars/gran_colombia_peru_war
great_sioux_war_of_1876,Great Sioux War of 1876,imperial,1876-1877,1876,1877,scaffolded,Q430053,https://thewaratlas.co/wars/great_sioux_war_of_1876
greco_italian_war,Greco-Italian War,world_war,1940-1941,1940,1941,scaffolded,Q223604,https://thewaratlas.co/wars/greco_italian_war
greco_turkish_war,Greco-Turkish War,world_war,1919-1922,1919,1922,scaffolded,Q87138,https://thewaratlas.co/wars/greco_turkish_war
greco_turkish_war_of_1897,Greco-Turkish War of 1897,imperial,1897,1897,1897,scaffolded,Q657055,https://thewaratlas.co/wars/greco_turkish_war_of_1897
greek_civil_war,Greek Civil War,cold_war,1946-1949,1946,1949,scaffolded,Q188972,https://thewaratlas.co/wars/greek_civil_war
greek_civil_wars_of_1823_1825,Greek civil wars of 1823–1825,continental_expansion,1823-1825,1823,1825,scaffolded,Q5601911,https://thewaratlas.co/wars/greek_civil_wars_of_1823_1825
greek_war_of_independence,Greek War of Independence,continental_expansion,1821-1829,1821,1829,scaffolded,Q182062,https://thewaratlas.co/wars/greek_war_of_independence
guatemalan_civil_war,Guatemalan Civil War,cold_war,1965-1996,1965,1996,scaffolded,Q1282732,https://thewaratlas.co/wars/guatemalan_civil_war
guinea_bissau_war_of_independence,Guinea-Bissau War of Independence,cold_war,1963-1974,1963,1974,scaffolded,Q2609193,https://thewaratlas.co/wars/guinea_bissau_war_of_independence
gulf_war,Gulf War,post_cold_war,1990–1991,1990,1991,modeled,Q37643,https://thewaratlas.co/wars/gulf_war
gunboat_war,Gunboat War,founding,1807-1814,1807,1814,scaffolded,Q426201,https://thewaratlas.co/wars/gunboat_war
herero_wars,Herero Wars,imperial,1904-1908,1904,1908,scaffolded,Q16512674,https://thewaratlas.co/wars/herero_wars
hispano_moroccan_war,Hispano-Moroccan War,continental_expansion,1859-1860,1859,1860,scaffolded,Q1540737,https://thewaratlas.co/wars/hispano_moroccan_war
hundred_hour_war,Hundred Hour War,cold_war,1969,1969,1969,scaffolded,Q223085,https://thewaratlas.co/wars/hundred_hour_war
hungarian_czechoslovak_romania_war,Hungarian-Czechoslovak-România War,world_war,1918-1919,1918,1919,scaffolded,Q1747429,https://thewaratlas.co/wars/hungarian_czechoslovak_romania_war
hungarian_revolution_of_1848,Hungarian Revolution of 1848,continental_expansion,1848-1849,1848,1849,scaffolded,Q473716,https://thewaratlas.co/wars/hungarian_revolution_of_1848
hungarian_romanian_war,Hungarian–Romanian War,world_war,1918-1920,1918,1920,scaffolded,Q252298,https://thewaratlas.co/wars/hungarian_romanian_war
ifni_war,Ifni War,cold_war,1957-1958,1957,1958,scaffolded,Q1640107,https://thewaratlas.co/wars/ifni_war
indian_mutiny_of_1857,Indian Mutiny of 1857,continental_expansion,1857-1858,1857,1858,scaffolded,Q129864,https://thewaratlas.co/wars/indian_mutiny_of_1857
indo_pakistani_war_of_1947_1948,Indo-Pakistani War of 1947–1948,cold_war,1947-1949,1947,1949,scaffolded,Q652285,https://thewaratlas.co/wars/indo_pakistani_war_of_1947_1948
indo_pakistani_war_of_1965,Indo-Pakistani War of 1965,cold_war,1965,1965,1965,scaffolded,Q233583,https://thewaratlas.co/wars/indo_pakistani_war_of_1965
indo_pakistani_war_of_1971,Indo-Pakistani War of 1971,cold_war,1971,1971,1971,scaffolded,Q1922071,https://thewaratlas.co/wars/indo_pakistani_war_of_1971
indochina_wars,Indochina Wars,cold_war,1946-1989,1946,1989,scaffolded,Q2342102,https://thewaratlas.co/wars/indochina_wars
indonesia_malaysia_confrontation,Indonesia–Malaysia confrontation,cold_war,1963-1966,1963,1966,scaffolded,Q1361929,https://thewaratlas.co/wars/indonesia_malaysia_confrontation
indonesian_national_revolution,Indonesian National Revolution,world_war,1945-1949,1945,1949,scaffolded,Q1332160,https://thewaratlas.co/wars/indonesian_national_revolution
insurgency_in_ingushetia,Insurgency in Ingushetia,global_war_on_terror,2007-2015,2007,2015,scaffolded,Q10292592,https://thewaratlas.co/wars/insurgency_in_ingushetia
insurgency_in_khyber_pakhtunkhwa,insurgency in Khyber Pakhtunkhwa,global_war_on_terror,2004,2004,2004,scaffolded,Q179275,https://thewaratlas.co/wars/insurgency_in_khyber_pakhtunkhwa
insurgency_in_northern_chad,Insurgency in Northern Chad,global_war_on_terror,2016,2016,2016,scaffolded,Q106575438,https://thewaratlas.co/wars/insurgency_in_northern_chad
insurgency_in_the_maghreb,Insurgency in the Maghreb,global_war_on_terror,2002,2002,2002,scaffolded,Q632787,https://thewaratlas.co/wars/insurgency_in_the_maghreb
iran_iraq_war,Iran–Iraq War,cold_war,1980-1988,1980,1988,modeled,Q82664,https://thewaratlas.co/wars/iran_iraq_war
iran_israel_proxy_conflict,Iran–Israel proxy conflict,cold_war,1985,1985,1985,scaffolded,Q15059994,https://thewaratlas.co/wars/iran_israel_proxy_conflict
iraq,Iraq War,global_war_on_terror,2003–2011 major U.S. combat/occupation period,2003,2011,modeled,Q545449,https://thewaratlas.co/wars/iraq
iraqi_civil_war_of_2006_2008,Iraqi Civil War of 2006–2008,global_war_on_terror,2006-2008,2006,2008,scaffolded,Q17183365,https://thewaratlas.co/wars/iraqi_civil_war_of_2006_2008
iraqi_civil_war_of_2014_2017,Iraqi Civil War of 2014–2017,global_war_on_terror,2014-2017,2014,2017,scaffolded,Q17984356,https://thewaratlas.co/wars/iraqi_civil_war_of_2014_2017
iraqi_conflict,Iraqi conflict,global_war_on_terror,2003-2017,2003,2017,scaffolded,Q47015896,https://thewaratlas.co/wars/iraqi_conflict
iraqi_kurdish_civil_war,Iraqi Kurdish Civil War,post_cold_war,1994-1997,1994,1997,scaffolded,Q1154912,https://thewaratlas.co/wars/iraqi_kurdish_civil_war
irish_civil_war,Irish Civil War,world_war,1922-1923,1922,1923,scaffolded,Q748042,https://thewaratlas.co/wars/irish_civil_war
irish_war_of_independence,Irish War of Independence,world_war,1919-1921,1919,1921,scaffolded,Q208297,https://thewaratlas.co/wars/irish_war_of_independence
italian_campaign_of_1796_1797,Italian Campaign of 1796-1797,founding,1796-1797,1796,1797,scaffolded,Q699511,https://thewaratlas.co/wars/italian_campaign_of_1796_1797
italian_civil_war,Italian Civil War,world_war,1943-1945,1943,1945,scaffolded,Q3118964,https://thewaratlas.co/wars/italian_civil_war
italo_turkish_war,Italo-Turkish War,imperial,1911-1912,1911,1912,scaffolded,Q203824,https://thewaratlas.co/wars/italo_turkish_war
japanese_invasion_of_taiwan,Japanese invasion of Taiwan,imperial,1895,1895,1895,scaffolded,Q717373,https://thewaratlas.co/wars/japanese_invasion_of_taiwan
java_war_of_1825_1830,Java War of 1825-1830,continental_expansion,1825-1830,1825,1830,scaffolded,Q2045508,https://thewaratlas.co/wars/java_war_of_1825_1830
jebel_akhdar_war,Jebel Akhdar War,cold_war,1954-1959,1954,1959,scaffolded,Q6172500,https://thewaratlas.co/wars/jebel_akhdar_war
jihadist_insurgency_in_burkina_faso,Jihadist insurgency in Burkina Faso,global_war_on_terror,2015,2015,2015,scaffolded,Q89035147,https://thewaratlas.co/wars/jihadist_insurgency_in_burkina_faso
jungle_movement_of_gilan,Jungle Movement of Gilan,world_war,1915-1920,1915,1920,scaffolded,Q764038,https://thewaratlas.co/wars/jungle_movement_of_gilan
kachin_conflict,Kachin conflict,cold_war,1961,1961,1961,scaffolded,Q2652686,https://thewaratlas.co/wars/kachin_conflict
kargil_war,Kargil War,post_cold_war,1999,1999,1999,scaffolded,Q404517,https://thewaratlas.co/wars/kargil_war
kashmir_conflict,Kashmir conflict,cold_war,1947,1947,1947,scaffolded,Q1413732,https://thewaratlas.co/wars/kashmir_conflict
kenesary_kasymovs_uprising,Kenesary Kasymov's Uprising,continental_expansion,1837-1847,1837,1847,scaffolded,Q4126350,https://thewaratlas.co/wars/kenesary_kasymovs_uprising
kivu_conflict,Kivu conflict,global_war_on_terror,2004,2004,2004,scaffolded,Q327237,https://thewaratlas.co/wars/kivu_conflict
klaipeda_revolt,Klaipėda Revolt,world_war,1923,1923,1923,scaffolded,Q3358934,https://thewaratlas.co/wars/klaipeda_revolt
korea,Korean War,cold_war,1950–1953 fighting; armistice unresolved,1950,1953,modeled,Q8663,https://thewaratlas.co/wars/korea
kosovo_war,Kosovo War,post_cold_war,1998-1999,1998,1999,scaffolded,Q190029,https://thewaratlas.co/wars/kosovo_war
kuwait_nejd_border_war,Kuwait–Nejd Border War,world_war,1919-1920,1919,1920,scaffolded,Q6449024,https://thewaratlas.co/wars/kuwait_nejd_border_war
la_violencia,La Violencia,cold_war,1949-1958,1949,1958,scaffolded,Q185407,https://thewaratlas.co/wars/la_violencia
laotian_civil_war,Laotian Civil War,cold_war,1959-1975,1959,1975,scaffolded,Q877450,https://thewaratlas.co/wars/laotian_civil_war
lapland_war,Lapland War,world_war,1944-1945,1944,1945,scaffolded,Q154940,https://thewaratlas.co/wars/lapland_war
lebanese_civil_war,Lebanese Civil War,cold_war,1975-1990,1975,1990,scaffolded,Q208484,https://thewaratlas.co/wars/lebanese_civil_war
liberal_wars,Liberal Wars,continental_expansion,1828-1834,1828,1834,scaffolded,Q1237867,https://thewaratlas.co/wars/liberal_wars
libyan_civil_war,Libyan Civil War (2011),global_war_on_terror,2011,2011,2011,modeled,Q81545,https://thewaratlas.co/wars/libyan_civil_war
libyan_civil_war_2014,Libyan Civil War (2014-2020),global_war_on_terror,2014-2020,2014,2020,scaffolded,Q16911838,https://thewaratlas.co/wars/libyan_civil_war_2014
libyan_crisis,Libyan crisis,global_war_on_terror,2011,2011,2011,scaffolded,Q18702324,https://thewaratlas.co/wars/libyan_crisis
libyan_egyptian_war,Libyan–Egyptian War,cold_war,1977,1977,1977,scaffolded,Q1434602,https://thewaratlas.co/wars/libyan_egyptian_war
lithuanian_soviet_war,Lithuanian–Soviet War,world_war,1918-1919,1918,1919,scaffolded,Q1604816,https://thewaratlas.co/wars/lithuanian_soviet_war
lithuanian_wars_of_independence,Lithuanian Wars of Independence,world_war,1918-1919,1918,1919,scaffolded,Q2742886,https://thewaratlas.co/wars/lithuanian_wars_of_independence
little_war,Little War,imperial,1879-1880,1879,1880,scaffolded,Q400465,https://thewaratlas.co/wars/little_war
lords_resistance_army_insurgency,Lord's Resistance Army insurgency,cold_war,1987,1987,1987,scaffolded,Q303801,https://thewaratlas.co/wars/lords_resistance_army_insurgency
mahdist_war,Mahdist War,imperial,1881-1899,1881,1899,scaffolded,Q31944,https://thewaratlas.co/wars/mahdist_war
majimaji_war,Majimaji War,imperial,1905-1907,1905,1907,scaffolded,Q705553,https://thewaratlas.co/wars/majimaji_war
malayan_emergency,Malayan Emergency,cold_war,1948-1960,1948,1960,scaffolded,Q2354629,https://thewaratlas.co/wars/malayan_emergency
mali_war,Mali War,global_war_on_terror,2012,2012,2012,scaffolded,Q2946372,https://thewaratlas.co/wars/mali_war
mexican_american,Mexican-American War,continental_expansion,1846–1848,1846,1848,modeled,Q6683,https://thewaratlas.co/wars/mexican_american
mexican_border_war,Mexican Border War,imperial,1910-1919,1910,1919,scaffolded,Q2615472,https://thewaratlas.co/wars/mexican_border_war
mexican_drug_war,Mexican drug war,global_war_on_terror,2006,2006,2006,scaffolded,Q475678,https://thewaratlas.co/wars/mexican_drug_war
mexican_revolution,Mexican Revolution,imperial,1910-1920,1910,1920,scaffolded,Q214426,https://thewaratlas.co/wars/mexican_revolution
mexican_war_of_independence,Mexican War of Independence,founding,1800-1821,1800,1821,scaffolded,Q68750,https://thewaratlas.co/wars/mexican_war_of_independence
modoc_war,Modoc War,imperial,1872-1873,1872,1873,scaffolded,Q2635052,https://thewaratlas.co/wars/modoc_war
mokrani_revolt,Mokrani Revolt,imperial,1871-1872,1871,1872,scaffolded,Q3458306,https://thewaratlas.co/wars/mokrani_revolt
montenegrin_ottoman_war_of_1861_62,Montenegrin–Ottoman War of 1861–62,civil_war,1861-1862,1861,1862,scaffolded,Q16724471,https://thewaratlas.co/wars/montenegrin_ottoman_war_of_1861_62
montenegrin_ottoman_war_of_1876_78,Montenegrin–Ottoman War of 1876–78,imperial,1876-1878,1876,1878,scaffolded,Q4513932,https://thewaratlas.co/wars/montenegrin_ottoman_war_of_1876_78
mozambican_civil_war,Mozambican Civil War,cold_war,1977-1992,1977,1992,scaffolded,Q657661,https://thewaratlas.co/wars/mozambican_civil_war
mozambican_war_of_independence,Mozambican War of Independence,cold_war,1964-1974,1964,1974,scaffolded,Q2002270,https://thewaratlas.co/wars/mozambican_war_of_independence
musket_wars,Musket Wars,founding,1807-1842,1807,1842,scaffolded,Q1192398,https://thewaratlas.co/wars/musket_wars
myanmar_civil_war,Myanmar Civil War,global_war_on_terror,2021,2021,2021,scaffolded,Q110613097,https://thewaratlas.co/wars/myanmar_civil_war
myanmar_conflict,Myanmar conflict,cold_war,1947,1947,1947,scaffolded,Q852088,https://thewaratlas.co/wars/myanmar_conflict
napoleonic_wars,Napoleonic Wars,founding,1803-1815,1803,1815,modeled,Q78994,https://thewaratlas.co/wars/napoleonic_wars
national_protection_war,National Protection War,world_war,1915-1919,1915,1919,scaffolded,Q1345258,https://thewaratlas.co/wars/national_protection_war
nauruan_civil_war,Nauruan Civil War,imperial,1878-1888,1878,1888,scaffolded,Q519546,https://thewaratlas.co/wars/nauruan_civil_war
naxalite_maoist_insurgency,Naxalite–Maoist insurgency,cold_war,1967,1967,1967,scaffolded,Q979845,https://thewaratlas.co/wars/naxalite_maoist_insurgency
neapolitan_war,Neapolitan War,founding,1815,1815,1815,scaffolded,Q298864,https://thewaratlas.co/wars/neapolitan_war
nepalese_civil_war,Nepalese Civil War,post_cold_war,1996-2006,1996,2006,scaffolded,Q2002975,https://thewaratlas.co/wars/nepalese_civil_war
nepalese_tibetan_war,Nepalese-Tibetan War,continental_expansion,1855-1856,1855,1856,scaffolded,Q2001528,https://thewaratlas.co/wars/nepalese_tibetan_war
new_zealand_wars,New Zealand Wars,continental_expansion,1845-1872,1845,1872,scaffolded,Q1545405,https://thewaratlas.co/wars/new_zealand_wars
nez_perce_war,Nez Perce War,imperial,1877,1877,1877,scaffolded,Q1456086,https://thewaratlas.co/wars/nez_perce_war
ngogo_chimpanzee_war,Ngogo Chimpanzee War,global_war_on_terror,2015,2015,2015,scaffolded,Q139236054,https://thewaratlas.co/wars/ngogo_chimpanzee_war
nicaraguan_civil_war_of_1926_1927,Nicaraguan Civil War of 1926–1927,world_war,1926-1927,1926,1927,scaffolded,Q1553256,https://thewaratlas.co/wars/nicaraguan_civil_war_of_1926_1927
nigerian_civil_war,Nigerian Civil War,cold_war,1967-1970,1967,1970,scaffolded,Q829875,https://thewaratlas.co/wars/nigerian_civil_war
ninth_russo_turkish_war,Ninth Russo-Turkish War,continental_expansion,1828-1829,1828,1829,scaffolded,Q287942,https://thewaratlas.co/wars/ninth_russo_turkish_war
north_yemen_civil_war,North Yemen civil war,cold_war,1962-1970,1962,1970,scaffolded,Q521199,https://thewaratlas.co/wars/north_yemen_civil_war
northwest_indian_war,Northwest Indian War,founding,1785-1795,1785,1795,scaffolded,Q2656995,https://thewaratlas.co/wars/northwest_indian_war
november_uprising,November Uprising,continental_expansion,1830-1831,1830,1831,scaffolded,Q462964,https://thewaratlas.co/wars/november_uprising
occupation_of_araucania,occupation of Araucanía,civil_war,1861-1883,1861,1883,scaffolded,Q2422135,https://thewaratlas.co/wars/occupation_of_araucania
ogaden_war,Ogaden War,cold_war,1977-1978,1977,1978,scaffolded,Q318250,https://thewaratlas.co/wars/ogaden_war
operation_rising_lion,Operation Rising Lion,global_war_on_terror,2025,2025,2025,scaffolded,Q134884640,https://thewaratlas.co/wars/operation_rising_lion
opium_wars,Opium Wars,continental_expansion,1839-1860,1839,1860,scaffolded,Q220984,https://thewaratlas.co/wars/opium_wars
ottoman_persian_war,Ottoman–Persian War,founding,1775-1776,1775,1776,scaffolded,Q6077256,https://thewaratlas.co/wars/ottoman_persian_war
ottoman_persian_war_of_1821_23,Ottoman–Persian War of 1821–23,continental_expansion,1821-1823,1821,1823,scaffolded,Q2975313,https://thewaratlas.co/wars/ottoman_persian_war_of_1821_23
overland_campaign,Overland Campaign,civil_war,1864,1864,1864,scaffolded,Q739644,https://thewaratlas.co/wars/overland_campaign
padri_war,Padri War,founding,1803-1837,1803,1837,scaffolded,Q2725993,https://thewaratlas.co/wars/padri_war
paquisha_war,Paquisha War,cold_war,1981,1981,1981,scaffolded,Q1760930,https://thewaratlas.co/wars/paquisha_war
paraguayan_civil_war_of_1922_1923,Paraguayan Civil War of 1922–1923,world_war,1922-1923,1922,1923,scaffolded,Q4147509,https://thewaratlas.co/wars/paraguayan_civil_war_of_1922_1923
paraguayan_civil_war_of_1947,Paraguayan Civil War of 1947,cold_war,1947,1947,1947,scaffolded,Q1122422,https://thewaratlas.co/wars/paraguayan_civil_war_of_1947
paraguayan_war,Paraguayan War,civil_war,1864-1870,1864,1870,scaffolded,Q58947,https://thewaratlas.co/wars/paraguayan_war
pastry_war,Pastry War,continental_expansion,1838-1839,1838,1839,scaffolded,Q856168,https://thewaratlas.co/wars/pastry_war
peasants_war,Peasants' War,founding,1798,1798,1798,scaffolded,Q568387,https://thewaratlas.co/wars/peasants_war
peninsular_war,Peninsular War,founding,1808-1814,1808,1814,scaffolded,Q152499,https://thewaratlas.co/wars/peninsular_war
persian_expedition_of_1796,Persian Expedition of 1796,founding,1796,1796,1796,scaffolded,Q525097,https://thewaratlas.co/wars/persian_expedition_of_1796
peruvian_war_of_independence,Peruvian War of Independence,continental_expansion,1821-1824,1821,1824,scaffolded,Q68478,https://thewaratlas.co/wars/peruvian_war_of_independence
philippine_american_war,Philippine–American War,imperial,1899-1902,1899,1902,scaffolded,Q214456,https://thewaratlas.co/wars/philippine_american_war
philippine_revolution,Philippine Revolution,imperial,1896-1898,1896,1898,scaffolded,Q422082,https://thewaratlas.co/wars/philippine_revolution
pig_war,Pig War,continental_expansion,1859,1859,1859,scaffolded,Q1064335,https://thewaratlas.co/wars/pig_war
platine_war,Platine War,continental_expansion,1851-1852,1851,1852,scaffolded,Q3042457,https://thewaratlas.co/wars/platine_war
polish_czechoslovak_war,Polish–Czechoslovak War,world_war,1919,1919,1919,scaffolded,Q1933729,https://thewaratlas.co/wars/polish_czechoslovak_war
polish_lithuanian_war,Polish–Lithuanian War,world_war,1919-1920,1919,1920,scaffolded,Q1495944,https://thewaratlas.co/wars/polish_lithuanian_war
polish_russian_war_of_1792,Polish–Russian War of 1792,founding,1792,1792,1792,scaffolded,Q1352215,https://thewaratlas.co/wars/polish_russian_war_of_1792
polish_soviet_war,Polish–Soviet War,world_war,1919-1921,1919,1921,scaffolded,Q186284,https://thewaratlas.co/wars/polish_soviet_war
polish_ukrainian_war,Polish–Ukrainian War,world_war,1918-1919,1918,1919,scaffolded,Q842774,https://thewaratlas.co/wars/polish_ukrainian_war
pontiacs_war,Pontiac's War,founding,1763-1765,1763,1765,scaffolded,Q179077,https://thewaratlas.co/wars/pontiacs_war
portuguese_colonial_war,Portuguese Colonial War,cold_war,1961-1974,1961,1974,scaffolded,Q609836,https://thewaratlas.co/wars/portuguese_colonial_war
portuguese_conquest_of_the_banda_oriental,Portuguese Conquest of the Banda Oriental,continental_expansion,1816-1820,1816,1820,scaffolded,Q2356791,https://thewaratlas.co/wars/portuguese_conquest_of_the_banda_oriental
prussian_invasion_of_holland,Prussian invasion of Holland,founding,1787,1787,1787,scaffolded,Q2109300,https://thewaratlas.co/wars/prussian_invasion_of_holland
quasi_war,Quasi-War,founding,1798-1800,1798,1800,scaffolded,Q655480,https://thewaratlas.co/wars/quasi_war
red_clouds_war,Red Cloud's War,imperial,1866-1868,1866,1868,scaffolded,Q2060306,https://thewaratlas.co/wars/red_clouds_war
red_river_war,Red River War,imperial,1874-1875,1874,1875,scaffolded,Q3119025,https://thewaratlas.co/wars/red_river_war
reform_war,Reform War,continental_expansion,1857-1861,1857,1861,scaffolded,Q2091916,https://thewaratlas.co/wars/reform_war
republic_of_the_congo_civil_war,Republic of the Congo civil war,post_cold_war,1997-1999,1997,1999,scaffolded,Q1021172,https://thewaratlas.co/wars/republic_of_the_congo_civil_war
revolution,American Revolution,founding,1775–1783,1775,1783,modeled,Q40949,https://thewaratlas.co/wars/revolution
rhodesian_bush_war,Rhodesian Bush War,cold_war,1964-1979,1964,1979,scaffolded,Q2444955,https://thewaratlas.co/wars/rhodesian_bush_war
rif_war,Rif War,imperial,1911-1927,1911,1927,scaffolded,Q766437,https://thewaratlas.co/wars/rif_war
romanian_war_of_independence,Romanian War of Independence,imperial,1877-1878,1877,1878,scaffolded,Q3778687,https://thewaratlas.co/wars/romanian_war_of_independence
russian_circassian_war,Russian–Circassian War,founding,1763-1864,1763,1864,scaffolded,Q2737628,https://thewaratlas.co/wars/russian_circassian_war
russian_civil_war,Russian Civil War,world_war,1917-1922,1917,1922,modeled,Q79911,https://thewaratlas.co/wars/russian_civil_war
russo_georgian_war,Russo-Georgian War,global_war_on_terror,2008,2008,2008,scaffolded,Q620735,https://thewaratlas.co/wars/russo_georgian_war
russo_japanese_war,Russo-Japanese War,imperial,1904-1905,1904,1905,modeled,Q159950,https://thewaratlas.co/wars/russo_japanese_war
russo_persian_war_of_1804_13,Russo-Persian War of 1804–13,founding,1804-1813,1804,1813,scaffolded,Q1139887,https://thewaratlas.co/wars/russo_persian_war_of_1804_13
russo_persian_war_of_1826_28,Russo-Persian War of 1826–28,continental_expansion,1826-1828,1826,1828,scaffolded,Q1420115,https://thewaratlas.co/wars/russo_persian_war_of_1826_28
russo_swedish_war_of_1788_1790,Russo-Swedish War of 1788–1790,founding,1788-1790,1788,1790,scaffolded,Q870196,https://thewaratlas.co/wars/russo_swedish_war_of_1788_1790
russo_ukrainian_war,Russo-Ukrainian War,global_war_on_terror,2014,2014,2014,modeled,Q15860072,https://thewaratlas.co/wars/russo_ukrainian_war
rwandan_civil_war,Rwandan Civil War,post_cold_war,1990-1993,1990,1993,scaffolded,Q426722,https://thewaratlas.co/wars/rwandan_civil_war
salvadoran_civil_war,Salvadoran Civil War,cold_war,1979-1992,1979,1992,scaffolded,Q1783607,https://thewaratlas.co/wars/salvadoran_civil_war
samoan_civil_war,Samoan Civil War,imperial,1886-1894,1886,1894,scaffolded,Q881762,https://thewaratlas.co/wars/samoan_civil_war
sand_war,Sand War,cold_war,1963-1964,1963,1964,scaffolded,Q1891008,https://thewaratlas.co/wars/sand_war
saudi_rashidi_war,Saudi–Rashidi War,imperial,1903-1907,1903,1907,scaffolded,Q7427175,https://thewaratlas.co/wars/saudi_rashidi_war
saudi_yemeni_war,Saudi–Yemeni War,world_war,1934,1934,1934,scaffolded,Q1367731,https://thewaratlas.co/wars/saudi_yemeni_war
second_anglo_afghan_war,Second Anglo-Afghan War,imperial,1878-1880,1878,1880,scaffolded,Q233507,https://thewaratlas.co/wars/second_anglo_afghan_war
second_anglo_burmese_war,Second Anglo-Burmese War,continental_expansion,1852,1852,1852,scaffolded,Q233500,https://thewaratlas.co/wars/second_anglo_burmese_war
second_anglo_maratha_war,Second Anglo-Maratha War,founding,1803-1805,1803,1805,scaffolded,Q233642,https://thewaratlas.co/wars/second_anglo_maratha_war
second_anglo_mysore_war,Second Anglo-Mysore War,founding,1780-1784,1780,1784,scaffolded,Q233663,https://thewaratlas.co/wars/second_anglo_mysore_war
second_anglo_sikh_war,Second Anglo-Sikh war,continental_expansion,1848-1849,1848,1849,scaffolded,Q243590,https://thewaratlas.co/wars/second_anglo_sikh_war
second_balkan_war,Second Balkan War,imperial,1913,1913,1913,scaffolded,Q184183,https://thewaratlas.co/wars/second_balkan_war
second_barbary_war,Second Barbary War,founding,1815,1815,1815,scaffolded,Q233505,https://thewaratlas.co/wars/second_barbary_war
second_boer_war,Second Boer War,imperial,1899-1902,1899,1902,scaffolded,Q215112,https://thewaratlas.co/wars/second_boer_war
second_carlist_war,Second Carlist War,continental_expansion,1846-1849,1846,1849,scaffolded,Q3025312,https://thewaratlas.co/wars/second_carlist_war
second_chechen_war,Second Chechen War,post_cold_war,1999-2009,1999,2009,scaffolded,Q120843,https://thewaratlas.co/wars/second_chechen_war
second_congo_war,Second Congo War,post_cold_war,1998-2003,1998,2003,scaffolded,Q75756,https://thewaratlas.co/wars/second_congo_war
second_egyptian_ottoman_war,Second Egyptian-Ottoman War,continental_expansion,1839-1841,1839,1841,scaffolded,Q2600326,https://thewaratlas.co/wars/second_egyptian_ottoman_war
second_franco_dahomean_war,Second Franco-Dahomean War,imperial,1892-1894,1892,1894,scaffolded,Q2090475,https://thewaratlas.co/wars/second_franco_dahomean_war
second_italian_war_of_independence,Second Italian War of Independence,continental_expansion,1859,1859,1859,scaffolded,Q540978,https://thewaratlas.co/wars/second_italian_war_of_independence
second_italo_ethiopian_war,Second Italo-Ethiopian War,world_war,1935-1937,1935,1937,scaffolded,Q94916,https://thewaratlas.co/wars/second_italo_ethiopian_war
second_ivorian_civil_war,Second Ivorian Civil War,global_war_on_terror,2010-2011,2010,2011,scaffolded,Q1087909,https://thewaratlas.co/wars/second_ivorian_civil_war
second_kurdish_iraqi_war,Second Kurdish–Iraqi War,cold_war,1974-1975,1974,1975,scaffolded,Q4116897,https://thewaratlas.co/wars/second_kurdish_iraqi_war
second_liberian_civil_war,Second Liberian Civil War,post_cold_war,1999-2003,1999,2003,scaffolded,Q1960733,https://thewaratlas.co/wars/second_liberian_civil_war
second_mafia_war,Second Mafia War,cold_war,1981-1984,1981,1984,scaffolded,Q2258636,https://thewaratlas.co/wars/second_mafia_war
second_matabele_war,Second Matabele War,imperial,1896-1897,1896,1897,scaffolded,Q233657,https://thewaratlas.co/wars/second_matabele_war
second_melillan_campaign,Second Melillan campaign,imperial,1909,1909,1909,scaffolded,Q2032554,https://thewaratlas.co/wars/second_melillan_campaign
second_nagorno_karabakh_war,Second Nagorno-Karabakh War,global_war_on_terror,2020,2020,2020,scaffolded,Q99659280,https://thewaratlas.co/wars/second_nagorno_karabakh_war
second_opium_war,Second Opium War,continental_expansion,1856-1860,1856,1860,scaffolded,Q418151,https://thewaratlas.co/wars/second_opium_war
second_samoan_civil_war,Second Samoan Civil War,imperial,1898-1899,1898,1899,scaffolded,Q4120277,https://thewaratlas.co/wars/second_samoan_civil_war
second_schleswig_war,Second Schleswig War,civil_war,1864,1864,1864,scaffolded,Q154981,https://thewaratlas.co/wars/second_schleswig_war
second_seminole_war,Second Seminole War,continental_expansion,1835-1842,1835,1842,scaffolded,Q2976715,https://thewaratlas.co/wars/second_seminole_war
second_sino_japanese_war,Second Sino-Japanese War,world_war,1937-1945,1937,1945,modeled,Q170314,https://thewaratlas.co/wars/second_sino_japanese_war
second_sudanese_civil_war,Second Sudanese Civil War,cold_war,1983-2005,1983,2005,scaffolded,Q842380,https://thewaratlas.co/wars/second_sudanese_civil_war
second_thirty_years_war,Second Thirty Years' War,imperial,1914-1945,1914,1945,scaffolded,Q163270,https://thewaratlas.co/wars/second_thirty_years_war
second_yemenite_war,Second Yemenite War,cold_war,1979,1979,1979,scaffolded,Q12207418,https://thewaratlas.co/wars/second_yemenite_war
seminole_wars,Seminole Wars,continental_expansion,1816-1858,1816,1858,scaffolded,Q900693,https://thewaratlas.co/wars/seminole_wars
serbian_ottoman_wars,Serbian–Ottoman Wars,imperial,1876-1878,1876,1878,scaffolded,Q4416705,https://thewaratlas.co/wars/serbian_ottoman_wars
seven_enemy_offensives,Seven Enemy Offensives,world_war,1941-1944,1941,1944,scaffolded,Q717127,https://thewaratlas.co/wars/seven_enemy_offensives
seventh_russo_turkish_war,Seventh Russo-Turkish War,founding,1787-1792,1787,1792,scaffolded,Q123210,https://thewaratlas.co/wars/seventh_russo_turkish_war
shifta_war,Shifta War,cold_war,1963-1967,1963,1967,scaffolded,Q1271059,https://thewaratlas.co/wars/shifta_war
siamese_vietnamese_war_of_1831_1834,Siamese–Vietnamese War of 1831-1834,continental_expansion,1831-1834,1831,1834,scaffolded,Q3381219,https://thewaratlas.co/wars/siamese_vietnamese_war_of_1831_1834
siamese_vietnamese_war_of_1841_1845,Siamese–Vietnamese War of 1841–1845,continental_expansion,1841-1845,1841,1845,scaffolded,Q641185,https://thewaratlas.co/wars/siamese_vietnamese_war_of_1841_1845
sierra_leone_civil_war,Sierra Leone Civil War,post_cold_war,1991-2002,1991,2002,scaffolded,Q795269,https://thewaratlas.co/wars/sierra_leone_civil_war
sino_burmese_war,Sino-Burmese War,founding,1765-1769,1765,1769,scaffolded,Q3237019,https://thewaratlas.co/wars/sino_burmese_war
sino_french_war,Sino-French War,imperial,1884-1885,1884,1885,scaffolded,Q706183,https://thewaratlas.co/wars/sino_french_war
sino_indian_war,Sino-Indian War,cold_war,1962,1962,1962,scaffolded,Q208694,https://thewaratlas.co/wars/sino_indian_war
sino_nepalese_war,Sino-Nepalese War,founding,1788-1789,1788,1789,scaffolded,Q2270170,https://thewaratlas.co/wars/sino_nepalese_war
sino_sikh_war,Sino-Sikh War,continental_expansion,1841-1842,1841,1842,scaffolded,Q7524776,https://thewaratlas.co/wars/sino_sikh_war
sino_soviet_border_conflict,Sino-Soviet border conflict,cold_war,1969,1969,1969,scaffolded,Q244932,https://thewaratlas.co/wars/sino_soviet_border_conflict
sino_tibetan_war,Sino–Tibetan War,world_war,1930-1932,1930,1932,scaffolded,Q4222429,https://thewaratlas.co/wars/sino_tibetan_war
sino_vietnamese_war,Sino-Vietnamese War,cold_war,1979,1979,1979,scaffolded,Q623171,https://thewaratlas.co/wars/sino_vietnamese_war
sioux_wars,Sioux Wars,continental_expansion,1854-1891,1854,1891,scaffolded,Q3778746,https://thewaratlas.co/wars/sioux_wars
six_day_war,Six-Day War (1967),cold_war,1967,1967,1967,modeled,Q49077,https://thewaratlas.co/wars/six_day_war
six_day_war_2000,Six-Day War (2000),post_cold_war,2000,2000,2000,scaffolded,Q3119043,https://thewaratlas.co/wars/six_day_war_2000
sixth_russo_turkish_war,Sixth Russo-Turkish War,founding,1768-1774,1768,1774,scaffolded,Q123070,https://thewaratlas.co/wars/sixth_russo_turkish_war
slovak_hungarian_war,Slovak–Hungarian War,world_war,1939,1939,1939,scaffolded,Q177109,https://thewaratlas.co/wars/slovak_hungarian_war
somali_civil_war,Somali Civil War (1991),post_cold_war,1991,1991,1991,scaffolded,Q243620,https://thewaratlas.co/wars/somali_civil_war
somali_civil_war_2009,Somali Civil War (2009),global_war_on_terror,2009,2009,2009,scaffolded,Q1052332,https://thewaratlas.co/wars/somali_civil_war_2009
somaliland_war_of_independence,Somaliland War of Independence,cold_war,1981-1991,1981,1991,scaffolded,Q107177113,https://thewaratlas.co/wars/somaliland_war_of_independence
sonderbund_war,Sonderbund War,continental_expansion,1847,1847,1847,scaffolded,Q688297,https://thewaratlas.co/wars/sonderbund_war
south_african_border_war,South African Border War,cold_war,1966-1990,1966,1990,scaffolded,Q1993848,https://thewaratlas.co/wars/south_african_border_war
south_lebanon_conflict,South Lebanon conflict,cold_war,1985-2000,1985,2000,scaffolded,Q2479435,https://thewaratlas.co/wars/south_lebanon_conflict
south_sudanese_civil_war,South Sudanese Civil War,global_war_on_terror,2013-2020,2013,2020,scaffolded,Q15353665,https://thewaratlas.co/wars/south_sudanese_civil_war
south_yemen_crisis,South Yemen crisis,cold_war,1986,1986,1986,scaffolded,Q1276892,https://thewaratlas.co/wars/south_yemen_crisis
soviet_afghan_war,Soviet-Afghan War,cold_war,1979-1989,1979,1989,modeled,Q83085,https://thewaratlas.co/wars/soviet_afghan_war
soviet_finnish_wars,Soviet-Finnish wars,world_war,1917-1944,1917,1944,scaffolded,Q3916827,https://thewaratlas.co/wars/soviet_finnish_wars
soviet_japanese_border_conflicts,Soviet–Japanese border conflicts,world_war,1932-1939,1932,1939,scaffolded,Q696389,https://thewaratlas.co/wars/soviet_japanese_border_conflicts
soviet_japanese_war,Soviet–Japanese War,world_war,1945,1945,1945,scaffolded,Q220602,https://thewaratlas.co/wars/soviet_japanese_war
spanish_american,Spanish-American War,imperial,1898,1898,1898,modeled,Q12583,https://thewaratlas.co/wars/spanish_american
spanish_american_wars_of_independence,Spanish American wars of independence,founding,1808-1833,1808,1833,scaffolded,Q1123201,https://thewaratlas.co/wars/spanish_american_wars_of_independence
spanish_civil_war,Spanish Civil War,world_war,1936-1939,1936,1939,modeled,Q10859,https://thewaratlas.co/wars/spanish_civil_war
spanish_portuguese_war_of_1776_1777,Spanish–Portuguese War of 1776-1777,founding,1776-1777,1776,1777,scaffolded,Q4204142,https://thewaratlas.co/wars/spanish_portuguese_war_of_1776_1777
spillover_of_the_syrian_civil_war,spillover of the Syrian Civil War,global_war_on_terror,2011,2011,2011,scaffolded,Q17272643,https://thewaratlas.co/wars/spillover_of_the_syrian_civil_war
sri_lankan_civil_war,Sri Lankan civil war,cold_war,1983-2009,1983,2009,scaffolded,Q213394,https://thewaratlas.co/wars/sri_lankan_civil_war
sudanese_civil_war,Sudanese civil war,global_war_on_terror,2023,2023,2023,scaffolded,Q117716414,https://thewaratlas.co/wars/sudanese_civil_war
suez_crisis,Suez Crisis,cold_war,1956,1956,1956,scaffolded,Q49101,https://thewaratlas.co/wars/suez_crisis
surinamese_interior_war,Surinamese Interior War,cold_war,1986-1992,1986,1992,scaffolded,Q1915188,https://thewaratlas.co/wars/surinamese_interior_war
swedish_norwegian_war_1814,Swedish-Norwegian War 1814,founding,1814,1814,1814,scaffolded,Q1780850,https://thewaratlas.co/wars/swedish_norwegian_war_1814
syrian_civil_war,Syrian Civil War,global_war_on_terror,2011,2011,2011,modeled,Q178810,https://thewaratlas.co/wars/syrian_civil_war
syrian_revolution,Syrian revolution,global_war_on_terror,2011-2012,2011,2012,scaffolded,Q14746872,https://thewaratlas.co/wars/syrian_revolution
taiping_rebellion,Taiping Rebellion,continental_expansion,1851-1864,1851,1864,scaffolded,Q192408,https://thewaratlas.co/wars/taiping_rebellion
tajikistani_civil_war,Tajikistani Civil War,post_cold_war,1992-1997,1992,1997,scaffolded,Q1122110,https://thewaratlas.co/wars/tajikistani_civil_war
tatarbunary_uprising,Tatarbunary Uprising,world_war,1924,1924,1924,scaffolded,Q2372646,https://thewaratlas.co/wars/tatarbunary_uprising
tecumsehs_war,Tecumseh's War,founding,1810-1813,1810,1813,scaffolded,Q325314,https://thewaratlas.co/wars/tecumsehs_war
ten_years_war,Ten Years' War,imperial,1868-1878,1868,1878,scaffolded,Q184637,https://thewaratlas.co/wars/ten_years_war
texas_indian_wars,Texas–Indian Wars,continental_expansion,1820-1882,1820,1882,scaffolded,Q474891,https://thewaratlas.co/wars/texas_indian_wars
texas_revolution,Texas Revolution,continental_expansion,1835-1836,1835,1836,scaffolded,Q638530,https://thewaratlas.co/wars/texas_revolution
theater_war,Theater War,founding,1788-1789,1788,1789,scaffolded,Q2096286,https://thewaratlas.co/wars/theater_war
third_anglo_afghan_war,Third Anglo-Afghan War,world_war,1919,1919,1919,scaffolded,Q1259237,https://thewaratlas.co/wars/third_anglo_afghan_war
third_anglo_burmese_war,Third Anglo-Burmese War,imperial,1885,1885,1885,scaffolded,Q1209946,https://thewaratlas.co/wars/third_anglo_burmese_war
third_anglo_maratha_war,Third Anglo-Maratha War,continental_expansion,1817-1818,1817,1818,scaffolded,Q617210,https://thewaratlas.co/wars/third_anglo_maratha_war
third_anglo_mysore_war,Third Anglo-Mysore War,founding,1790-1792,1790,1792,scaffolded,Q617350,https://thewaratlas.co/wars/third_anglo_mysore_war
third_carlist_war,Third Carlist War,imperial,1872-1876,1872,1876,scaffolded,Q957532,https://thewaratlas.co/wars/third_carlist_war
third_indochina_war,Third Indochina War,cold_war,1975-1991,1975,1991,scaffolded,Q796498,https://thewaratlas.co/wars/third_indochina_war
third_italian_war_of_independence,Third Italian War of Independence,imperial,1866,1866,1866,scaffolded,Q1248722,https://thewaratlas.co/wars/third_italian_war_of_independence
thousand_days_war,Thousand Days' War,imperial,1899-1902,1899,1902,scaffolded,Q43378,https://thewaratlas.co/wars/thousand_days_war
toledo_war,Toledo War,continental_expansion,1835-1836,1835,1836,scaffolded,Q1369423,https://thewaratlas.co/wars/toledo_war
toyota_war,Toyota War,cold_war,1986-1987,1986,1987,scaffolded,Q644589,https://thewaratlas.co/wars/toyota_war
transnistria_war,Transnistria War,post_cold_war,1990-1992,1990,1992,scaffolded,Q285280,https://thewaratlas.co/wars/transnistria_war
turkish_armenian_war,Turkish–Armenian War,world_war,1920,1920,1920,scaffolded,Q957586,https://thewaratlas.co/wars/turkish_armenian_war
turkish_war_of_independence,Turkish War of Independence,world_war,1919-1923,1919,1923,scaffolded,Q234738,https://thewaratlas.co/wars/turkish_war_of_independence
twelve_day_war,Twelve-Day War,global_war_on_terror,2025,2025,2025,scaffolded,Q134900605,https://thewaratlas.co/wars/twelve_day_war
uganda_tanzania_war,Uganda–Tanzania War,cold_war,1978-1979,1978,1979,scaffolded,Q202465,https://thewaratlas.co/wars/uganda_tanzania_war
ugandan_bush_war,Ugandan Bush War,cold_war,1981-1986,1981,1986,scaffolded,Q3119017,https://thewaratlas.co/wars/ugandan_bush_war
ukrainian_soviet_war,Ukrainian–Soviet War,world_war,1917-1921,1917,1921,scaffolded,Q2419855,https://thewaratlas.co/wars/ukrainian_soviet_war
ukrainian_war_of_independence,Ukrainian War of Independence,world_war,1917-1921,1917,1921,scaffolded,Q2479606,https://thewaratlas.co/wars/ukrainian_war_of_independence
uruguayan_civil_war,Uruguayan Civil War,continental_expansion,1839-1851,1839,1851,scaffolded,Q2672972,https://thewaratlas.co/wars/uruguayan_civil_war
uruguayan_war,Uruguayan War,civil_war,1864-1865,1864,1865,scaffolded,Q3042463,https://thewaratlas.co/wars/uruguayan_war
venezuelan_war_of_independence,Venezuelan War of Independence,founding,1810-1823,1810,1823,scaffolded,Q8934,https://thewaratlas.co/wars/venezuelan_war_of_independence
vietnam,Vietnam War,cold_war,1955–1975 broad period; major U.S. combat 1965–1973,1955,1975,modeled,Q8740,https://thewaratlas.co/wars/vietnam
vlora_war,Vlora War,world_war,1920,1920,1920,scaffolded,Q2720692,https://thewaratlas.co/wars/vlora_war
war_1812,War of 1812,founding,1812–1815,1812,1815,modeled,Q26013,https://thewaratlas.co/wars/war_1812
war_in_abkhazia,War in Abkhazia,post_cold_war,1992-1993,1992,1993,scaffolded,Q1209169,https://thewaratlas.co/wars/war_in_abkhazia
war_in_afghanistan_2015_2021,War in Afghanistan (2015–2021),global_war_on_terror,2015-2021,2015,2021,scaffolded,Q18920712,https://thewaratlas.co/wars/war_in_afghanistan_2015_2021
war_in_somalia,War in Somalia,global_war_on_terror,2006-2009,2006,2009,scaffolded,Q1072042,https://thewaratlas.co/wars/war_in_somalia
war_in_southern_vietnam,War in southern Vietnam,world_war,1945-1946,1945,1946,scaffolded,Q3365438,https://thewaratlas.co/wars/war_in_southern_vietnam
war_in_the_sahel,War in the Sahel,global_war_on_terror,2011,2011,2011,scaffolded,Q86831539,https://thewaratlas.co/wars/war_in_the_sahel
war_in_the_vendee,War in the Vendée,founding,1793-1796,1793,1796,scaffolded,Q8628,https://thewaratlas.co/wars/war_in_the_vendee
war_of_attrition,War of Attrition,cold_war,1967-1970,1967,1970,scaffolded,Q322607,https://thewaratlas.co/wars/war_of_attrition
war_of_canudos,War of Canudos,imperial,1893-1897,1893,1897,scaffolded,Q2350166,https://thewaratlas.co/wars/war_of_canudos
war_of_dagestan,War of Dagestan,post_cold_war,1999,1999,1999,scaffolded,Q643925,https://thewaratlas.co/wars/war_of_dagestan
war_of_dominican_independence,War of Dominican Independence,continental_expansion,1844-1856,1844,1856,scaffolded,Q3439047,https://thewaratlas.co/wars/war_of_dominican_independence
war_of_the_aggrieved,War of the Aggrieved,continental_expansion,1827,1827,1827,scaffolded,Q3398213,https://thewaratlas.co/wars/war_of_the_aggrieved
war_of_the_bavarian_succession,War of the Bavarian Succession,founding,1778-1779,1778,1779,scaffolded,Q157548,https://thewaratlas.co/wars/war_of_the_bavarian_succession
war_of_the_confederation,War of the Confederation,continental_expansion,1836-1839,1836,1839,scaffolded,Q601811,https://thewaratlas.co/wars/war_of_the_confederation
war_of_the_fifth_coalition,War of the Fifth Coalition,founding,1809,1809,1809,scaffolded,Q684324,https://thewaratlas.co/wars/war_of_the_fifth_coalition
war_of_the_first_coalition,War of the First Coalition,founding,1792-1797,1792,1797,scaffolded,Q18817,https://thewaratlas.co/wars/war_of_the_first_coalition
war_of_the_fourth_coalition,War of the Fourth Coalition,founding,1806-1807,1806,1807,scaffolded,Q605977,https://thewaratlas.co/wars/war_of_the_fourth_coalition
war_of_the_golden_stool,War of the Golden Stool,imperial,1900,1900,1900,scaffolded,Q356920,https://thewaratlas.co/wars/war_of_the_golden_stool
war_of_the_oranges,War of the Oranges,founding,1801,1801,1801,scaffolded,Q1190696,https://thewaratlas.co/wars/war_of_the_oranges
war_of_the_pacific,War of the Pacific,imperial,1879-1884,1879,1884,scaffolded,Q152004,https://thewaratlas.co/wars/war_of_the_pacific
war_of_the_pyrenees,War of the Pyrenees,founding,1793-1795,1793,1795,scaffolded,Q324438,https://thewaratlas.co/wars/war_of_the_pyrenees
war_of_the_second_coalition,War of the Second Coalition,founding,1798-1802,1798,1802,scaffolded,Q26749,https://thewaratlas.co/wars/war_of_the_second_coalition
war_of_the_sixth_coalition,War of the Sixth Coalition,founding,1813-1814,1813,1814,scaffolded,Q138107,https://thewaratlas.co/wars/war_of_the_sixth_coalition
war_of_the_south,War of the South,founding,1799-1800,1799,1800,scaffolded,Q4122570,https://thewaratlas.co/wars/war_of_the_south
war_of_the_third_coalition,War of the Third Coalition,founding,1805-1806,1805,1806,scaffolded,Q249232,https://thewaratlas.co/wars/war_of_the_third_coalition
war_on_terrorism,War on Terrorism,post_cold_war,2001-2021,2001,2021,scaffolded,Q185729,https://thewaratlas.co/wars/war_on_terrorism
western_sahara_war,Western Sahara War,cold_war,1975-1991,1975,1991,scaffolded,Q1093550,https://thewaratlas.co/wars/western_sahara_war
winter_war,Winter War,world_war,1939-1940,1939,1940,modeled,Q134949,https://thewaratlas.co/wars/winter_war
world_war_ii_in_albania,World War II in Albania,world_war,1939-1944,1939,1944,scaffolded,Q74109,https://thewaratlas.co/wars/world_war_ii_in_albania
world_war_ii_in_yugoslav_macedonia,World War II in Yugoslav Macedonia,world_war,1941-1944,1941,1944,scaffolded,Q172068,https://thewaratlas.co/wars/world_war_ii_in_yugoslav_macedonia
wwi,World War I,world_war,1917–1918 U.S. combat role,1917,1918,modeled,Q361,https://thewaratlas.co/wars/wwi
wwii,World War II,world_war,1941–1945 U.S. combat role,1941,1945,modeled,Q362,https://thewaratlas.co/wars/wwii
xhosa_wars,Xhosa Wars,founding,1779-1879,1779,1879,scaffolded,Q582594,https://thewaratlas.co/wars/xhosa_wars
yakima_war,Yakima War,continental_expansion,1855-1858,1855,1858,scaffolded,Q3119015,https://thewaratlas.co/wars/yakima_war
years_of_lead,Years of Lead,cold_war,1969-1982,1969,1982,scaffolded,Q4850939,https://thewaratlas.co/wars/years_of_lead
yemeni_civil_war,Yemeni Civil War,global_war_on_terror,2014,2014,2014,scaffolded,Q19686631,https://thewaratlas.co/wars/yemeni_civil_war
yom_kippur_war,Yom Kippur War,cold_war,1973,1973,1973,modeled,Q49100,https://thewaratlas.co/wars/yom_kippur_war
yugoslav_wars,Yugoslav Wars,post_cold_war,1991-2001,1991,2001,scaffolded,Q242352,https://thewaratlas.co/wars/yugoslav_wars
zaian_war,Zaian War,imperial,1914-1921,1914,1921,scaffolded,Q8064768,https://thewaratlas.co/wars/zaian_war
